server_id,user_id
BBG00SSQFPK6,NYSE:AON
BBG00RP5HYS8,NYSE:CARR
BBG00R02H8D5,NYSE:HESM
BBG00QVJYGM9,NASDAQ:XP
BBG00QVJV6V4,NYSE:BILL
BBG00QNSY1H7,NASDAQ:SITM
BBG00QDCHF36,NASDAQ:BRP
BBG00Q741Z16,NYSE:CHPT
BBG00Q3GDB13,NYSE:PING
BBG00PZZ94F4,NASDAQ:SDC
BBG00PPXGH18,NASDAQ:ONEW
BBG00PPS73P4,NASDAQ:INMD
BBG00PP0KRL1,NYSE:XL
BBG00PNN7C40,NYSE:DT
BBG00PNJJW42,NASDAQ:SNDL
BBG00PLQ1JR1,NYSE:NOVA
BBG00PGK50M2,NASDAQ:RAPT
BBG00P4R3079,NASDAQ:GO
BBG00P33SY72,NASDAQ:PNTG
BBG00P2FSNZ9,NASDAQ:IHRT
BBG00P19DKZ6,NYSE:CHWY
BBG00P1919G5,NYSE:CLVT
BBG00NQ6RNF1,NYSE:RMO
BBG00NLMRY30,NASDAQ:PLMR
BBG00NK8H8T2,NASDAQ:TW
BBG00N9MJTZ9,NYSE:HYLN
BBG00N6NL712,NASDAQ:RIDE
BBG00N0PL198,NASDAQ:ALEC
BBG00N0D0PZ6,NASDAQ:PBTS
BBG00MS90LK2,NASDAQ:LAZR
BBG00MRHG523,NYSE:STE
BBG00MMM95S7,NYSE:SI
BBG00MKMQ6M4,NASDAQ:OSW
BBG00M4ZQDK0,NASDAQ:STNE
BBG00M0X4584,NASDAQ:VLDR
BBG00M0WD1J3,NASDAQ:GRTX
BBG00LWZDYB9,NYSE:ESTC
BBG00LW7YK82,NASDAQ:ARVN
BBG00LV3NRG0,NYSE:LTHM
BBG00LV0Z3L0,NASDAQ:ARCE
BBG00LSL8C10,NASDAQ:EQ
BBG00LSD4456,NYSE:FTCH
BBG00LPWLFD4,NYSE:FSR
BBG00LNJRQ09,NYSE:AMCR
BBG00LN4B5N0,NYSE:NVST
BBG00LJYS1P8,NYSE:ELAN
BBG00LDFP150,NASDAQ:TBLT
BBG00L99PRQ9,NASDAQ:LSEA
BBG00L7XVND4,NYSE:CWK
BBG00L7XTP60,NASDAQ:TLRY
BBG00L4CWQ45,NASDAQ:NKLA
BBG00L07HM73,NASDAQ:HYRE
BBG00KXRCDP0,NYSE:CI
BBG00KT2SCV8,NASDAQ:GSKY
BBG00KT2RRM6,NASDAQ:SRRK
BBG00KP45MJ5,NASDAQ:BBIG
BBG00KHY5S69,NASDAQ:AVGO
BBG00K7ZQ662,NYSE:IAA
BBG00K53L394,NYSE:ETRN
BBG00JR5MM31,NASDAQ:SGMS
BBG00JM9XLN6,NYSE:NTR
BBG00JM7QBR6,NYSE:PAGS
BBG00JM2HVP5,NASDAQ:BTBT
BBG00JHNJW99,NASDAQ:FOXA
BBG00JG0FFZ2,NASDAQ:PTON
BBG00JCWDN63,NASDAQ:NRXP
BBG00J7PN8S2,NASDAQ:FAMI
BBG00J54QHD4,NASDAQ:KXIN
BBG00J0BBZL0,NYSE:SAIL
BBG00HZ69KP9,NASDAQ:CBTX
BBG00HTN2CQ3,NYSE:SPCE
BBG00HFFRW39,NASDAQ:KIDS
BBG00HC854K5,NASDAQ:NAKD
BBG00H9MNDZ2,NASDAQ:FTDR
BBG00H433CR2,NYSE:EVRG
BBG00H2QQ8T5,NASDAQ:VIR
BBG00GVR8YQ9,NYSE:LIN
BBG00GQVWWP4,NASDAQ:CGBD
BBG00GQK3WB5,NYSE:SMAR
BBG00GLTS4V4,NASDAQ:ATXI
BBG00GLNJ018,NYSE:CIVI
BBG00GFMPRK0,NYSE:ATUS
BBG00GCTWDJ3,NYSE:CVNA
BBG00GBVBK51,NYSE:BKR
BBG00GBV88T6,NYSE:BTU
BBG00G9DV0R2,NYSE:TUFN
BBG00G4XQ9Z1,NASDAQ:VRRM
BBG00G2HHYD7,NYSE:AVTR
BBG00FWQ4VD6,NASDAQ:ULTA
BBG00FQ8T4G3,NYSE:BJ
BBG00FNFTYM7,NASDAQ:VVPR
BBG00FN64XT9,NYSE:DXC
BBG00FBJ6390,NASDAQ:UPWK
BBG00F9YLST6,NASDAQ:BYSI
BBG00F9VSCH3,NASDAQ:ICHR
BBG00DZVQMD3,NASDAQ:SOLO
BBG00DZB5D77,NYSE:ARCH
BBG00DYNJGH9,NYSE:HWM
BBG00DXDL6Q1,NYSE:VST
BBG00DW3SZS1,NYSE:DELL
BBG00DR7LTG2,NASDAQ:FLGT
BBG00DL9GZJ3,NASDAQ:PHUN
BBG00DDY1RK9,NASDAQ:FULC
BBG00DBKBYB5,NASDAQ:GRWG
BBG00DBBGRX1,NASDAQ:CRSP
BBG00D8JC882,NYSE:YETI
BBG00D2Z7X83,NYSE:CWH
BBG00D2PTTW3,NASDAQ:LOGC
BBG00D1WHZD9,NYSE:HTZ
BBG00D0Y81M1,NYSE:ASH
BBG00CW88W83,NASDAQ:CSTR
BBG00CW2JCN1,NYSE:ATH
BBG00CTNNZ26,NYSE:SBOW
BBG00CB9FCM4,NASDAQ:FTSV
BBG00C6H6D40,NYSE:USFD
BBG00BSDYRR0,NASDAQ:SPI
BBG00BS054W5,NYSE:TRTN
BBG00BN969C1,NYSE:CTVA
BBG00BN96922,NYSE:DOW
BBG00BN961G4,NYSE:DD
BBG00BMBK8B4,NASDAQ:RUBY
BBG00BLYKS03,NASDAQ:CRWD
BBG00BLVZ228,NYSE:FTV
BBG00BDQ1H13,NASDAQ:TEAM
BBG00B9P9V84,NASDAQ:KDMN
BBG00B8N2C16,NASDAQ:GRTS
BBG00B8N0HG1,NYSE:YUMC
BBG00B8LXMS5,NASDAQ:MRUS
BBG00B6WH9G3,NASDAQ:MTCH
BBG00B3T3HD3,NYSE:AA
BBG009XZYH65,NASDAQ:SLGG
BBG009XW8PY2,NASDAQ:NVCR
BBG009S3NB30,NASDAQ:GOOG
BBG009S39JX6,NASDAQ:GOOGL
BBG009Q036D0,NYSE:GMS
BBG009NRSWJ4,NASDAQ:Z
BBG009NRNMY4,NYSE:KL
BBG009LGHG16,NASDAQ:LIVN
BBG009H04M17,NYSE:PLNT
BBG009F0TGH8,NASDAQ:CRVS
BBG009DR4MN8,NASDAQ:MIST
BBG009DFHWG6,NASDAQ:RPD
BBG0099X6859,NASDAQ:MCRB
BBG0098VVDT9,NASDAQ:OLLI
BBG008W23T50,NASDAQ:RMNI
BBG008NXC572,NYSE:WRK
BBG008NVB1C0,NASDAQ:MNST
BBG008N298Y8,NASDAQ:WING
BBG008LFXN26,NASDAQ:NAOV
BBG008HNHZ07,NASDAQ:NWLI
BBG008HBD923,NYSE:SHOP
BBG008839HK8,NASDAQ:XELA
BBG0084BBZY6,NASDAQ:SEDG
BBG00829F4P8,NASDAQ:RVMD
BBG0081NLHR0,NASDAQ:ATEX
BBG0081JXTR0,NYSE:WBT
BBG00805D2Z3,NASDAQ:APHA
BBG007WX14X0,NASDAQ:TXG
BBG007TJF1N7,NASDAQ:QRVO
BBG007NJLS39,NASDAQ:VERI
BBG007KC7PB0,NASDAQ:NTLA
BBG007HRJXJ3,NASDAQ:JRVR
BBG007G8KFW8,NASDAQ:BOXL
BBG007G7V505,NYSE:WORK
BBG007DLZ601,NASDAQ:RYTM
BBG0078Y1D92,NASDAQ:SYNH
BBG0078W3NQ3,NYSE:HPE
BBG0077VNXV6,NASDAQ:PYPL
BBG0076WG2V1,NYSE:QSR
BBG0074Q3NK6,NASDAQ:CZR
BBG0073X4TB8,NASDAQ:LVGO
BBG0073F9RT7,NASDAQ:LITE
BBG0073DM784,NASDAQ:XENE
BBG007387YL8,NASDAQ:PRAH
BBG0071L00W0,NASDAQ:OGI
BBG006YWVSR3,NASDAQ:CSTL
BBG006SCSYG7,NASDAQ:ACB
BBG006Q52QV2,NASDAQ:CYBR
BBG006Q0HY77,NYSE:CFG
BBG006NM92X2,NASDAQ:IRMD
BBG006N7S6K9,NYSE:FNF
BBG006MDLY05,NYSE:GDDY
BBG006MC4LP7,NYSE:OEC
BBG006KDCHJ4,NASDAQ:TWST
BBG006GNSZW5,NASDAQ:LBRDK
BBG006G412Q6,NYSE:CCS
BBG006G063F9,NYSE:INFO
BBG006FCB019,NYSE:ENR
BBG006D97VY9,NASDAQ:GH
BBG006D4PF48,NYSE:HRTG
BBG006BFYZP8,NYSE:PE
BBG0069FB082,NASDAQ:CGC
BBG00699CVL2,NASDAQ:AGFS
BBG006598YS8,NASDAQ:PCTY
BBG00658F3P3,NYSE:SYF
BBG0064N0ZZ5,NYSE:PAYC
BBG0063GCHH8,NYSE:SHAK
BBG00629NGT2,NASDAQ:TTD
BBG0060CPLJ5,NYSE:AXTA
BBG005ZVK9P2,NYSE:QTWO
BBG005Z20406,NASDAQ:JAGX
BBG005YW6FV6,NASDAQ:NBEV
BBG005XVML66,NYSE:RYAM
BBG005XR47P5,NYSE:CTLT
BBG005XKG722,NASDAQ:VRAY
BBG005WX31L1,NYSE:PRTY
BBG005TJKDZ6,NYSE:IBP
BBG005SSJYH3,NASDAQ:QURE
BBG005P7Q881,NASDAQ:AAL
BBG005MX5GZ2,NASDAQ:EDIT
BBG005L86G05,NYSE:AVNS
BBG005H82GB2,NYSE:CC
BBG005DLMMZ6,NASDAQ:NMIH
BBG005DJFD43,NYSE:NVTA
BBG005D7PF34,NYSE:CDAY
BBG005CPNTS0,NASDAQ:MIK
BBG005CPNTQ2,NASDAQ:KHC
BBG005CM7J89,NASDAQ:WIX
BBG005CHSS32,NYSE:TCS
BBG0059KNH10,NASDAQ:CHNG
BBG0059FN811,NYSE:KEYS
BBG0058KMH30,NYSE:HLT
BBG0057GTG80,NYSE:KODK
BBG00564Y443,NYSE:GLOB
BBG005497GZ3,NYSE:OMF
BBG005485Y51,NASDAQ:PPD
BBG004Z3JRW1,NASDAQ:ANY
BBG004TPGP47,NASDAQ:DOOO
BBG004TPGBP5,NASDAQ:MRTX
BBG004S641N5,NYSE:BURL
BBG004S5X3Y9,NYSE:S
BBG004NLQHL0,NYSE:FSLY
BBG004N1KPJ5,NASDAQ:NGHC
BBG004MDWKS8,NASDAQ:LIND
BBG004M9ZHX5,NASDAQ:LYFT
BBG004M28MF9,NYSE:NINE
BBG004JDZPJ8,NASDAQ:HTBX
BBG004HTR2D1,NASDAQ:CODX
BBG004DDDKH1,NYSE:GSBD
BBG0046LJYT2,NASDAQ:FHB
BBG0046L1KL9,NASDAQ:SFIX
BBG00441QMJ7,NYSE:SNAP
BBG0042V6JM8,NASDAQ:ZM
BBG00429YTD4,NASDAQ:LLL
BBG003T4VFC2,NYSE:SPOT
BBG003PHHZT1,NASDAQ:MRNA
BBG003PGJHP5,NYSE:TMHC
BBG003NJHZT9,NASDAQ:DDOG
BBG003MN93C9,NYSE:INSW
BBG003LF0QR9,NASDAQ:ACRS
BBG003LB3TH0,NYSE:SCM
BBG003DNHV56,NYSE:VVV
BBG003DKQRK4,NASDAQ:MYOK
BBG003CVMLQ2,NYSE:LW
BBG003CVJP50,NASDAQ:BYND
BBG0039320N9,NYSE:ZTS
BBG0036S6JY0,NASDAQ:RSLS
BBG00359HX70,NASDAQ:ACIA
BBG00333FYS2,NYSE:IQV
BBG003338H34,NASDAQ:ZS
BBG0033377Y3,NASDAQ:HDS
BBG002ZQP3H7,NASDAQ:EYES
BBG002ZM63J5,NYSE:ZAYO
BBG002YSC5M7,NYSE:FVRR
BBG002VBFQL9,NASDAQ:SNES
BBG002V17386,NASDAQ:NOVN
BBG002R1CW27,NYSE:IR
BBG002Q7J5Z1,NYSE:TRU
BBG002PHSYX9,NASDAQ:FANG
BBG002NCK5M5,NASDAQ:ADMA
BBG002NCD8C8,NASDAQ:ATOS
BBG002G8Q1H1,NASDAQ:SPWH
BBG002DZS299,NYSE:PLAN
BBG002DVGMW1,NASDAQ:TBIO
BBG002CN8XN5,NASDAQ:GOGO
BBG002BC7WC5,NASDAQ:TRUP
BBG002B04MT8,NYSE:UBER
BBG0029ZX840,NYSE:TWLO
BBG0029SNR63,NYSE:CPRI
BBG0029SH078,NYSE:LXFR
BBG00286S4N9,NYSE:PSX
BBG0026ZK3M8,NASDAQ:PRNB
BBG0026ZGPW3,NASDAQ:FSCT
BBG0026ZGB09,NASDAQ:PBPB
BBG0026ZFZC4,NASDAQ:ITCI
BBG0026ZDHR0,NASDAQ:ANAB
BBG0025Y4RY4,NYSE:ABBV
BBG0025XVR85,NASDAQ:RUN
BBG0025X16Y5,NASDAQ:SAGE
BBG002583CV8,NYSE:PINS
BBG0023XX761,NYSE:CUBI
BBG0022PSJ14,NYSE:ENVA
BBG0022FMPD5,NASDAQ:EVBG
BBG0022FDRY8,NASDAQ:MDB
BBG002293PJ4,NYSE:RH
BBG0021PH456,NASDAQ:INGN
BBG00212PVZ5,NYSE:PSTG
BBG0020BCPX5,NASDAQ:LASR
BBG0020B4JG7,NASDAQ:MNDT
BBG00209SZJ7,NYSE:INSP
BBG001ZZPQJ6,NASDAQ:ROKU
BBG001YV1SM4,NASDAQ:OKTA
BBG001YKDND6,NYSE:LC
BBG001Y04TN6,NASDAQ:VRNS
BBG001XJRMF5,NYSE:SLCA
BBG001WWJTK5,NASDAQ:PLAY
BBG001WTBC36,NYSE:POST
BBG001WMKHH5,NYSE:NET
BBG001VGVJF5,NYSE:TLYS
BBG001V9NSB4,NASDAQ:ENTA
BBG001R3MNY9,NASDAQ:ENPH
BBG001QZCPJ2,NASDAQ:AMBA
BBG001QSGW81,NASDAQ:CLVS
BBG001QD41M9,NYSE:APTV
BBG001Q7HP63,NASDAQ:RDFN
BBG001P6MYV3,NASDAQ:TRUE
BBG001P63B80,NASDAQ:CDW
BBG001P3K000,NASDAQ:DNKN
BBG001P0TNW2,NASDAQ:TCPC
BBG001NVJ6W4,NASDAQ:YNDX
BBG001NDW1Z7,NASDAQ:NTNX
BBG001M8HHB7,NASDAQ:TRIP
BBG001M6NQK4,NASDAQ:MRIN
BBG001LWMD73,NASDAQ:MOXC
BBG001LRKS55,NYSE:APO
BBG001KY4N87,NYSE:ARMK
BBG001KWWRS9,NASDAQ:BNGO
BBG001KWG293,NYSE:GRUB
BBG001KS9450,NASDAQ:TWOU
BBG001KJ2HM9,NYSE:HII
BBG001KHJM17,NASDAQ:FIVN
BBG001KFKQM7,NASDAQ:SFM
BBG001K7WBT8,NASDAQ:MARA
BBG001K1CT23,NASDAQ:SPT
BBG001K003W2,NASDAQ:BAND
BBG001JZPSQ2,NASDAQ:SONO
BBG001J4BCN4,NASDAQ:COUP
BBG001J472L3,NASDAQ:CTMX
BBG001J41G83,NASDAQ:XENT
BBG001J2P692,NASDAQ:LIFE
BBG001J2MJH8,NASDAQ:RVNC
BBG001J2M542,NASDAQ:VCYT
BBG001J2LSK5,NASDAQ:VSTM
BBG001J1QN87,NASDAQ:ICPT
BBG001J1DB23,NASDAQ:DRNA
BBG001J1BQ86,NASDAQ:NTRA
BBG001J1BNT0,NASDAQ:NGM
BBG001J19V24,NASDAQ:IRTC
BBG001HRFJG4,NYSE:ZEN
BBG001DM5W62,NYSE:PVG
BBG001DCCGR8,NYSE:MPC
BBG001D8R5D0,NYSE:XYL
BBG001D8G1B3,NYSE:INXN
BBG001CPSVF3,NASDAQ:MRSN
BBG001CN6Q81,NASDAQ:NDLS
BBG001CGB489,NYSE:VEEV
BBG001C7TST4,NASDAQ:SPLK
BBG001C7PMJ2,NASDAQ:APPN
BBG001C7PM75,NYSE:GWRE
BBG001BPKGT0,NYSE:MDLA
BBG001BP92V1,NYSE:PEN
BBG001B585N8,NYSE:RFP
BBG001B17MV2,NYSE:W
BBG001B12Z39,NASDAQ:TCMD
BBG0019V9M65,NASDAQ:TNDM
BBG0019T5SG0,NYSE:TDOC
BBG0019LSQ49,NYSE:FRC
BBG0019K7J31,NASDAQ:ISEE
BBG0019JZ882,NYSE:KMI
BBG00194VJB1,NASDAQ:OCGN
BBG0018YXYX7,NASDAQ:PBYI
BBG0018SLDN0,NASDAQ:DBX
BBG0018SLC07,NYSE:SQ
BBG0018FQNS6,NASDAQ:PCRX
BBG0017T9998,NASDAQ:CZR~1
BBG0016YQTR5,NYSE:TPH
BBG0016SSV00,NASDAQ:REGI
BBG001636CR2,NASDAQ:FIVE
BBG0015XMW40,NYSE:TRGP
BBG0014XR0N5,NYSE:CHGG
BBG0014JY744,NASDAQ:LEDS
BBG0014GJCT9,NASDAQ:PANW
BBG0014FFY08,NASDAQ:HZNP
BBG000WG3567,NASDAQ:RCKT
BBG000WG2LQ1,NYSE:GKOS
BBG000WCFV84,NYSE:LYB
BBG000VPGNR2,NASDAQ:CHTR
BBG000VMWHH5,NASDAQ:DISCK
BBG000VD6768,NASDAQ:ZNGA
BBG000VC77H7,NASDAQ:SLS
BBG000VC0T95,NASDAQ:WDAY
BBG000VC0FC1,NASDAQ:IRDM
BBG000TYL740,NASDAQ:FPRX
BBG000TXVLZ6,NYSE:NX
BBG000TVRB50,NASDAQ:TREE
BBG000TRJ294,NYSE:AWK
BBG000TKZRB3,NASDAQ:OCSL
BBG000TKFJQ7,NASDAQ:UIHC
BBG000TJM7F0,NASDAQ:KDP
BBG000TGLV00,NASDAQ:SATS
BBG000TG66M8,NYSE:TGH
BBG000TDCVT6,NYSE:AMC
BBG000T88BN2,NASDAQ:SDGR
BBG000S8WQB6,NASDAQ:FLDM
BBG000RTDY25,NYSE:MSCI
BBG000RQKCR4,NYSE:BCC
BBG000RQBFV2,NYSE:G
BBG000RQ2GY7,NASDAQ:PFPT
BBG000RNBH63,NYSE:MC
BBG000RKR4R8,NYSE:SD
BBG000RJ2J04,NASDAQ:SSNC
BBG000RGM5P1,NYSE:TEL
BBG000RD3CL8,NYSE:FNV
BBG000R8ZVD1,NASDAQ:LULU
BBG000R8RSL8,NASDAQ:PTLA
BBG000R7Z112,NYSE:DAL
BBG000R7XX87,NASDAQ:PODD
BBG000R7RDB4,NYSE:CXO
BBG000R5HWZ1,NASDAQ:XLRN
BBG000R50SY9,NASDAQ:VRA
BBG000R4Y9C1,NYSE:AVLR
BBG000R33BD1,NASDAQ:RETA
BBG000R2YFG7,NYSE:BAH
BBG000R23VW8,NASDAQ:IPHI
BBG000R16894,NASDAQ:OTIC
BBG000R0L5J4,NYSE:TDC
BBG000QY3XZ2,NASDAQ:EXPE
BBG000QX74T1,NYSE:CMG
BBG000QW7VC1,NYSE:HCA
BBG000QVWX13,NASDAQ:PNNT
BBG000QTF8K1,NASDAQ:DXCM
BBG000QT15P7,NASDAQ:PTCT
BBG000QSXPZ9,NYSE:LRN
BBG000QSGFZ0,NASDAQ:OFLX
BBG000QRKJ70,NASDAQ:GRPN
BBG000QP35H2,NASDAQ:FATE
BBG000QN4GY3,NYSE:RLGY
BBG000QM5H72,NYSE:ECOM
BBG000QM0RZ4,NYSE:PBH
BBG000QLW222,NASDAQ:AOSL
BBG000QKXH20,NASDAQ:PACB
BBG000QKVV49,NASDAQ:VUZI
BBG000QDVR53,NYSE:CNK
BBG000QCHMH9,NYSE:SEM
BBG000QBZBS3,NASDAQ:ATHX
BBG000QBR5J5,NYSE:DFS
BBG000QB2L61,NYSE:EXPR
BBG000Q90C31,NYSE:PLOW
BBG000Q5BQ63,NYSE:ORA
BBG000Q50XK4,NASDAQ:TBBK
BBG000Q3JN03,NYSE:RF
BBG000PZGB75,NASDAQ:SPSC
BBG000PXZFW2,NYSE:WLK
BBG000PXNF64,NASDAQ:GBDC
BBG000PXLKM7,NASDAQ:CRDF
BBG000PXGT62,NYSE:TPX
BBG000PVRDL2,NYSE:WPM
BBG000PTSB12,NASDAQ:CCXI
BBG000PSKYX7,NYSE:V
BBG000PRQ0V9,NYSE:VPG
BBG000PRJ2Z9,NYSE:SPR
BBG000PQ4W72,NYSE:GNRC
BBG000PPFKQ7,NYSE:BR
BBG000PNTXP0,NASDAQ:CYRX
BBG000PNF2V6,NASDAQ:KNDI
BBG000PMGM61,NASDAQ:BLIN
BBG000PMBV39,NASDAQ:ACIW
BBG000PLMQP6,NASDAQ:RUSHB
BBG000PKZDX4,NASDAQ:KALU
BBG000PHV438,NASDAQ:IESC
BBG000PDGBB9,NASDAQ:MARK
BBG000PD6X77,NASDAQ:ARCC
BBG000PBDRC0,NASDAQ:MGNI
BBG000P7S7L7,NASDAQ:GEVO
BBG000P5LMQ0,NASDAQ:SAIA
BBG000P5JQX6,NASDAQ:EHTH
BBG000P458P3,NYSE:DPZ
BBG000NVSBL7,NASDAQ:NVAX
BBG000NV1KK7,NYSE:DG
BBG000NSQ9M0,NYSE:AUY
BBG000NSCNT7,NASDAQ:PFG
BBG000NNBY60,NASDAQ:GNUS
BBG000NDYB67,NYSE:GM
BBG000NDV1D4,NASDAQ:TMUS
BBG000N9MNX3,NASDAQ:TSLA
BBG000N7MZ06,NYSE:HUBS
BBG000N7MXL8,NASDAQ:ETSY
BBG000N7KJX8,NASDAQ:DOCU
BBG000N7KBZ3,NYSE:BE
BBG000N746D6,NASDAQ:ETFC
BBG000N49069,NASDAQ:OPK
BBG000N35HC1,NYSE:DOOR
BBG000N2HDY5,NYSE:ANET
BBG000MXH9C1,NASDAQ:RRGB
BBG000MQ1SN9,NYSE:DVA
BBG000MM5VL9,NYSE:HLF
BBG000MM2P62,NASDAQ:FB
BBG000MHTV89,NYSE:EPAM
BBG000MDCQC2,NYSE:ABC
BBG000MBHNC8,NYSE:MOH
BBG000M75YR0,NASDAQ:SNOA
BBG000M6TR37,NASDAQ:SBNY
BBG000M65M61,NASDAQ:UAL
BBG000M5QDX0,NASDAQ:MNTA
BBG000M44VW8,NYSE:OC
BBG000M1R011,NYSE:NOW
BBG000LKB954,NASDAQ:TXMD
BBG000LGP1K8,NASDAQ:ULH
BBG000LD9JQ8,NASDAQ:WYNN
BBG000LC1FS4,NYSE:ATI
BBG000L9CV04,NYSE:UPS
BBG000L8CBX4,NYSE:TDG
BBG000L78XT8,NASDAQ:AEMD
BBG000L69KL5,NASDAQ:TCX
BBG000L5CJF3,NYSE:XPO
BBG000L4M7F1,NYSE:RMD
BBG000L2Q7C4,NYSE:KOS
BBG000KT0GV3,NYSE:HI
BBG000KQY8Y7,NYSE:CACI
BBG000KLDTJ2,NASDAQ:WETF
BBG000KLB4Q1,NASDAQ:SWKS
BBG000KHWT55,NYSE:HPQ
BBG000KF9J02,NASDAQ:ACTG
BBG000K82ZT8,NASDAQ:CHKP
BBG000K712R6,NASDAQ:OTEX
BBG000K6Y764,NASDAQ:MMAT
BBG000K5WM92,NASDAQ:APEN
BBG000K5M1S8,NYSE:ENB
BBG000K4ND22,NYSE:CVX
BBG000K3BC83,NYSE:LAD
BBG000K2HB18,NYSE:EXK
BBG000K1XFJ4,NASDAQ:HEES
BBG000K1J931,NASDAQ:CSIQ
BBG000JYP7L8,NYSE:CE
BBG000JWD753,NYSE:LVS
BBG000JLQGN3,NYSE:FDP
BBG000JK57G6,NYSE:NAT
BBG000JG0547,NASDAQ:ADP
BBG000JD15S7,NASDAQ:CTG
BBG000JCPGZ1,NYSE:MTDR
BBG000J6XT05,NASDAQ:EXC
BBG000J5Q6L2,NYSE:GNW
BBG000J5J943,NASDAQ:CLNE
BBG000J2XL74,NYSE:PM
BBG000J1QLT0,NYSE:STZ
BBG000J1MZJ4,NASDAQ:MDVL
BBG000J094P3,NYSE:RNG
BBG000HZ3562,NASDAQ:APPS
BBG000HXJB21,NASDAQ:IRBT
BBG000HSLV70,NASDAQ:UCTT
BBG000HS77T5,NYSE:VZ
BBG000HQ1LB3,NASDAQ:FCEL
BBG000HPJ656,NASDAQ:MBOT
BBG000HL4L03,NYSE:HLIO
BBG000HGYNZ9,NASDAQ:STLD
BBG000HCXFS4,NASDAQ:JOUT
BBG000HCJMF9,NYSE:PRU
BBG000H8XPS1,NYSE:BBW
BBG000H8TVT2,NYSE:TGT
BBG000H6K1B0,NYSE:PAG
BBG000H6HNW3,NYSE:TWTR
BBG000H556T9,NASDAQ:HON
BBG000H4XLP2,NASDAQ:DLPN
BBG000H3YXF8,NASDAQ:CTAS
BBG000H3FZM6,NASDAQ:SRCL
BBG000H1F895,NASDAQ:MLNX
BBG000H1B407,NYSE:EVRI
BBG000GZQ728,NYSE:XOM
BBG000GXZ4W7,NASDAQ:ANSS
BBG000GW06J7,NYSE:EBS
BBG000GTYWL7,NYSE:QGEN
BBG000GQPB11,NASDAQ:MELI
BBG000GQJPZ0,NASDAQ:MSTR
BBG000GPXKX9,NYSE:FLT
BBG000GMZP09,NASDAQ:MRKR
BBG000GM73Y2,NYSE:HTH
BBG000GJS7C1,NASDAQ:NBIX
BBG000GHZSZ6,NYSE:FHN
BBG000GDSKT7,NYSE:FF
BBG000G9CGL0,NASDAQ:JAZZ
BBG000G8N9C6,NYSE:JWN
BBG000G7W420,NASDAQ:LHCG
BBG000G7QX50,NASDAQ:PINC
BBG000G6Y5W4,NYSE:MKC
BBG000G3YP84,NASDAQ:SPNS
BBG000G3QLY3,NYSE:AMP
BBG000G30YX4,NASDAQ:ALXN
BBG000G2GJT7,NASDAQ:HRTX
BBG000G1C210,NASDAQ:OFIX
BBG000G12J78,NASDAQ:VERU
BBG000FY4S11,NYSE:C
BBG000FXW512,NYSE:PKI
BBG000FXML90,NASDAQ:ALT
BBG000FX3Y66,NYSE:PGTI
BBG000FVZQY1,NASDAQ:TGTX
BBG000FVXD63,NYSE:RRC
BBG000FVQ185,NASDAQ:SPWR
BBG000FTLBV7,NASDAQ:IOVA
BBG000FSMWC3,NYSE:WSM
BBG000FQRVM3,NYSE:WAT
BBG000FQ7YR4,NYSE:LYV
BBG000FQ6PY6,NASDAQ:CTXS
BBG000FP1N32,NASDAQ:NTAP
BBG000FLZN98,NYSE:MHK
BBG000FLPRH1,NASDAQ:CAR
BBG000FLKSG5,NASDAQ:SYBT
BBG000FLHZZ2,NYSE:WCN
BBG000FKMP26,NASDAQ:AEIS
BBG000FKJRC5,NYSE:EL
BBG000FH8PX5,NYSE:AGN
BBG000FFDM15,NYSE:USB
BBG000FDBX90,NYSE:CNP
BBG000FB8PF8,NYSE:SFBS
BBG000F964B6,NYSE:AWR
BBG000F86GP6,NYSE:MCO
BBG000F7RCJ1,NYSE:AAP
BBG000F6ZWH2,NYSE:DKS
BBG000F6H8W8,NASDAQ:COST
BBG000F61RJ8,NYSE:ACM
BBG000F5YH15,NYSE:WWE
BBG000F5VVB6,NASDAQ:NDAQ
BBG000F57BQ1,NASDAQ:FTFT
BBG000F54FK1,NYSE:BBDC
BBG000F4HP82,NASDAQ:AYRO
BBG000F395V1,NYSE:COTY
BBG000F369C7,NASDAQ:ECPG
BBG000F31Z34,NASDAQ:EXPO
BBG000F1ZSQ2,NYSE:MA
BBG000F1ZSN5,NYSE:ROP
BBG000F0R4N9,NASDAQ:CYTK
BBG000F0KF42,NASDAQ:STX
BBG000F02T51,NYSE:CABO
BBG000DZX6K5,NASDAQ:CBAT
BBG000DZN289,NASDAQ:EFSC
BBG000DZMK99,NASDAQ:CAPR
BBG000DYXD23,NYSE:MTZ
BBG000DYGNW7,NYSE:MCK
BBG000DY28W5,NYSE:BIO
BBG000DXHBN4,NASDAQ:HOPE
BBG000DW76Y6,NYSE:FICO
BBG000DW4Q75,NASDAQ:LNT
BBG000DV7MX4,NASDAQ:ON
BBG000DSZTN6,NYSE:CCJ
BBG000DSMS70,NASDAQ:ILMN
BBG000DRJFC8,NYSE:CLDR
BBG000DQTXY6,NYSE:DHI
BBG000DQN9R3,NASDAQ:MIDD
BBG000DQLV23,NYSE:BMY
BBG000DNF659,NASDAQ:FCFS
BBG000DNBK89,NYSE:CRK
BBG000DN7P92,NYSE:SYK
BBG000DN4ZT1,NASDAQ:TCBI
BBG000DMBXR2,NYSE:JPM
BBG000DLVDK3,NYSE:AEM
BBG000DLQ8W7,NYSE:IO
BBG000DLFM21,NYSE:BHC
BBG000DKCC19,NYSE:TSN
BBG000DH7JK6,NASDAQ:PEP
BBG000DGPR66,NYSE:BG
BBG000DFMXT3,NASDAQ:AZPN
BBG000DCGRL8,NASDAQ:IPGP
BBG000DBVBY4,NYSE:EV
BBG000DB3KT1,NASDAQ:WLTW
BBG000D9KWL9,NYSE:MTB
BBG000D9D830,NYSE:ACN
BBG000D8RG11,NYSE:NRG
BBG000D898T9,NYSE:CAH
BBG000D7RKJ5,NYSE:EIX
BBG000D7JKW9,NASDAQ:CSGP
BBG000D7HF89,NYSE:SON
BBG000D79DL8,NYSE:VVI
BBG000D6YCQ9,NYSE:STC
BBG000D6VW15,NASDAQ:AAOI
BBG000D6TC94,NYSE:JOE
BBG000D6L294,NYSE:XEC
BBG000D5S4M0,NYSE:PII
BBG000D5F2L9,AMEX:IBIO
BBG000D52545,NASDAQ:WEN
BBG000D4LWF6,NASDAQ:MDLZ
BBG000D42FJ0,NYSE:DDD
BBG000D2ZTS8,NYSE:HBI
BBG000D13GN8,NASDAQ:ZG
BBG000D0SHJ6,NASDAQ:CRNT
BBG000CZWZ05,NASDAQ:BMRN
BBG000CZ8W54,NASDAQ:HALO
BBG000CZ4KF3,NASDAQ:STMP
BBG000CXYSZ6,NASDAQ:FFIV
BBG000CXSF54,NASDAQ:RDNT
BBG000CX0P89,NYSE:GPN
BBG000CWL0F5,NASDAQ:EXAS
BBG000CVWGS6,NASDAQ:ATVI
BBG000CVSVP1,NASDAQ:SPRT
BBG000CTY4J6,NYSE:KW
BBG000CTV4N4,NASDAQ:ENTG
BBG000CTSZQ6,NASDAQ:ICLR
BBG000CTQBF3,NASDAQ:SBUX
BBG000CSY9H9,NASDAQ:BBBY
BBG000CSRSG6,NYSE:USPH
BBG000CS7CT9,NYSE:KSS
BBG000CS0D96,NASDAQ:CACC
BBG000CRN8N8,NYSE:ASGN
BBG000CR90K4,NYSE:BB
BBG000CQV2N4,NASDAQ:ICUI
BBG000CQCCK6,NASDAQ:WIRE
BBG000CPCVY1,NYSE:ELY
BBG000CNFQW6,NYSE:PRGO
BBG000CND7W0,NYSE:FCF
BBG000CN5CJ3,NASDAQ:RP
BBG000CL9VN6,NASDAQ:NFLX
BBG000CKGBP2,NASDAQ:GILD
BBG000CJN801,NASDAQ:NBTB
BBG000CHWP52,NASDAQ:DISCA
BBG000CHSS88,NASDAQ:ODFL
BBG000CH7WB8,NYSE:AG
BBG000CH5208,NYSE:UNH
BBG000CGQ4F7,NASDAQ:MORN
BBG000CGC1X8,NASDAQ:QCOM
BBG000CFZ003,NASDAQ:BOKF
BBG000CF8227,NYSE:DBI
BBG000CF5097,NYSE:GBX
BBG000CDZLV8,NASDAQ:PENN
BBG000CDY3H5,NASDAQ:ABCB
BBG000CDMMM0,NASDAQ:MERC
BBG000CC7LQ7,NASDAQ:ZBRA
BBG000CBVB20,NASDAQ:PPSI
BBG000CBDQY2,NASDAQ:ISIG
BBG000CBC7D8,NASDAQ:HWC
BBG000C9KL89,NYSE:BAM
BBG000C90DH9,NYSE:IPG
BBG000C8H633,NYSE:MRO
BBG000C7LMS8,NYSE:AZO
BBG000C75N77,NYSE:CMA
BBG000C734W3,NASDAQ:REGN
BBG000C6GN04,NASDAQ:QDEL
BBG000C6CFJ5,NYSE:GS
BBG000C5Z1S3,NASDAQ:MU
BBG000C5HS04,NYSE:NKE
BBG000C4TPX4,NASDAQ:MTRX
BBG000C4MWH4,NASDAQ:BGCP
BBG000C4HKK2,NYSE:SKX
BBG000C496P7,NASDAQ:VIAC
BBG000C46HM9,NYSE:M
BBG000C43RR5,NASDAQ:EBAY
BBG000C42WS4,NYSE:CMP
BBG000C3W281,NASDAQ:MASI
BBG000C3SB31,NASDAQ:TRMK
BBG000C3NTN5,NASDAQ:HOLX
BBG000C3J3C9,NASDAQ:CSCO
BBG000C3HSR0,AMEX:LNG
BBG000C3GN47,NYSE:CTRA
BBG000C3FGH9,NYSE:GHC
BBG000C3CQP1,NASDAQ:ZVO
BBG000C37332,NASDAQ:FOSL
BBG000C34WJ4,NYSE:GHL
BBG000C31ZH2,NASDAQ:PAHC
BBG000C30L48,NASDAQ:MPWR
BBG000C2ZCH8,NYSE:SRE
BBG000C2YHG9,NASDAQ:DISH
BBG000C2WTG5,NASDAQ:UONE
BBG000C2VBB0,NASDAQ:PTC
BBG000C2V3D6,NYSE:A
BBG000C2RD58,NASDAQ:AHPI
BBG000C2PW58,NYSE:BLK
BBG000C2JTB5,NASDAQ:IMGN
BBG000C2H3F0,NYSE:CLGX
BBG000C2D1C1,NASDAQ:LSCC
BBG000C2BXK4,NYSE:MGM
BBG000C23PB0,NYSE:LDOS
BBG000C23KJ3,NYSE:AES
BBG000C221G9,NYSE:PNR
BBG000C1XSP8,NASDAQ:PLUG
BBG000C1XKF6,NASDAQ:PNFP
BBG000C1S2X2,NASDAQ:VRTX
BBG000C1NCH3,NASDAQ:TRS
BBG000C1HN22,NYSE:IEX
BBG000C1H7Y2,AMEX:APT
BBG000C1GTC9,NASDAQ:CRIS
BBG000C1FQS9,NYSE:ETR
BBG000C1FB75,NYSE:ICE
BBG000C1DHF5,NASDAQ:CRUS
BBG000C1C526,NYSE:LXU
BBG000C1BW00,NYSE:LMT
BBG000C1BCK2,NASDAQ:NEOG
BBG000C17X76,NASDAQ:BIIB
BBG000C15114,NASDAQ:TECH
BBG000C13CD9,NASDAQ:CDNS
BBG000C101X4,NASDAQ:ABMD
BBG000C0Y3B9,NASDAQ:PCTI
BBG000C0RGY3,NASDAQ:PAAS
BBG000C0Q0K4,NYSE:MFC
BBG000C0LW92,NYSE:BSX
BBG000C0HQ54,NASDAQ:ENDP
BBG000C0G1D1,NASDAQ:INTC
BBG000C0F570,NASDAQ:XLNX
BBG000C0BZD1,NASDAQ:MNRO
BBG000C04VB0,NASDAQ:WWR
BBG000C04224,NYSE:CBRE
BBG000BZTW70,NYSE:NBR
BBG000BZMKF4,NASDAQ:SCKT
BBG000BZCKH3,NYSE:MTD
BBG000BZ9N90,NASDAQ:SEEL
BBG000BZ9223,NYSE:EOG
BBG000BZ50L0,NASDAQ:DGII
BBG000BYYLS8,NYSE:TFC
BBG000BYWTX7,NASDAQ:MRVL
BBG000BYQ0B1,NASDAQ:TTMI
BBG000BY33P5,NYSE:JNPR
BBG000BY29C7,NYSE:TPR
BBG000BXWBN9,NASDAQ:LBTYK
BBG000BXRPH1,NYSE:PXD
BBG000BXNJ07,NASDAQ:CY
BBG000BXMFC3,NYSE:URI
BBG000BXM6V2,NYSE:UAA
BBG000BXK6C5,NASDAQ:MGPI
BBG000BXFWH9,NYSE:MLR
BBG000BXBHJ4,NYSE:TD
BBG000BX8DC4,NYSE:FL
BBG000BX57K1,NASDAQ:XRAY
BBG000BX3TD3,NYSE:X
BBG000BX24N8,NYSE:WST
BBG000BX0BJ9,NASDAQ:WSBC
BBG000BWXBC2,NYSE:WMT
BBG000BWVSR1,NYSE:WM
BBG000BWVCP8,NYSE:WMB
BBG000BWSV34,NYSE:WHR
BBG000BWSGF4,NYSE:BRO
BBG000BWS3F3,NYSE:WGO
BBG000BWQLY4,NASDAQ:PACW
BBG000BWQFY7,NYSE:WFC
BBG000BWPP85,NASDAQ:WERN
BBG000BWP7D9,NYSE:WEC
BBG000BWNFZ9,NASDAQ:WDC
BBG000BWN2Y9,NYSE:FIX
BBG000BWM083,NASDAQ:AEHR
BBG000BWLMJ4,NASDAQ:WBA
BBG000BWJYL8,NASDAQ:VSEC
BBG000BWJFZ4,NYSE:CF
BBG000BWGYF8,NYSE:VMC
BBG000BWBZN1,NYSE:VAR
BBG000BWB7V4,NYSE:VMI
BBG000BW93R1,NYSE:UVV
BBG000BW8S60,NYSE:RTX
BBG000BW6P59,NYSE:USM
BBG000BW3299,NYSE:UNP
BBG000BW2FF4,NYSE:NPO
BBG000BW22R0,NYSE:SFL
BBG000BW1LS8,NASDAQ:CENX
BBG000BVZP59,NYSE:WEX
BBG000BVY6C4,NASDAQ:UFCS
BBG000BVXC87,NASDAQ:UBSI
BBG000BVWZF9,NYSE:TYL
BBG000BVWLJ6,NYSE:JCI
BBG000BVW716,NASDAQ:AUDC
BBG000BVV7G1,NASDAQ:TXN
BBG000BVPV84,NASDAQ:AMZN
BBG000BVN235,NYSE:TRP
BBG000BVMPN3,NASDAQ:TROW
BBG000BVMGF2,NYSE:ALL
BBG000BVL2G3,NYSE:TRN
BBG000BVKXQ5,NASDAQ:MVIS
BBG000BVHBM1,NYSE:TOL
BBG000BVDLH9,NYSE:TMO
BBG000BV8DN6,NYSE:TJX
BBG000BV75B7,NYSE:TIF
BBG000BV6R84,NYSE:THO
BBG000BV59Y6,NYSE:TFX
BBG000BV4DR6,NASDAQ:TER
BBG000BV2BR2,NASDAQ:TECD
BBG000BTXZ45,NASDAQ:HLIT
BBG000BTVJ25,NYSE:SYY
BBG000BTT3D1,NASDAQ:POWI
BBG000BTQR96,NYSE:SWK
BBG000BTH4T5,NASDAQ:SRCE
BBG000BTGKK9,NYSE:TREX
BBG000BTDHV7,NASDAQ:SHYF
BBG000BTCH57,NASDAQ:CHRW
BBG000BTC2N0,NASDAQ:SHEN
BBG000BTBH21,NYSE:EGY
BBG000BT9DW0,NYSE:SO
BBG000BT68C6,NYSE:SMP
BBG000BT5RZ0,NASDAQ:TROO
BBG000BT5PG5,NYSE:SMG
BBG000BT41Q8,NYSE:SLB
BBG000BT1715,NYSE:SJM
BBG000BT13B3,NYSE:PRLB
BBG000BT0T72,NYSE:SJI
BBG000BT0CM2,NASDAQ:SIVB
BBG000BT0093,NASDAQ:SIRI
BBG000BSZ738,NASDAQ:SIGI
BBG000BSXQV7,NYSE:SHW
BBG000BSSC44,NYSE:RY
BBG000BSRN78,NYSE:NCLH
BBG000BSMFN2,NYSE:SCL
BBG000BSJTT0,NYSE:TECK
BBG000BSJK37,NYSE:T
BBG000BSFRF3,NASDAQ:SNPS
BBG000BSDM66,NASDAQ:SCHL
BBG000BSD7C2,NYSE:RTN
BBG000BSC0K9,NASDAQ:DLTR
BBG000BSBZH7,NASDAQ:ROST
BBG000BSBBP1,NYSE:ROL
BBG000BS9HN3,NYSE:ROG
BBG000BS9489,NYSE:OMC
BBG000BS7KS3,NYSE:TAP
BBG000BS73J1,NYSE:RJF
BBG000BS4MP5,NYSE:DDS
BBG000BS48J3,NASDAQ:RGEN
BBG000BS3PL3,NASDAQ:SHBI
BBG000BS0ZF1,NYSE:RL
BBG000BS0N59,NASDAQ:IBOC
BBG000BRYSR9,NASDAQ:RCMT
BBG000BRXTR8,NYSE:RRX
BBG000BRXP69,NYSE:EW
BBG000BRWGG9,NYSE:RAD
BBG000BRVKH0,NASDAQ:ARWR
BBG000BRRG02,NYSE:PVH
BBG000BRQ6L2,NASDAQ:JBLU
BBG000BRP9K8,NYSE:PAR
BBG000BRNLL2,NASDAQ:ALGN
BBG000BRNH31,NASDAQ:EPAY
BBG000BRNGM2,NYSE:ATO
BBG000BRMJN6,NYSE:WTRG
BBG000BRK7L6,NYSE:SU
BBG000BRJL00,NYSE:PPL
BBG000BRJ809,NYSE:PPG
BBG000BRF6K5,NASDAQ:PFBC
BBG000BRDFF3,NYSE:PNM
BBG000BRD0D8,NYSE:PNC
BBG000BRB5D9,NASDAQ:VG
BBG000BR9JS6,NASDAQ:PLAB
BBG000BR54L0,NYSE:PHM
BBG000BR40B0,NASDAQ:RNST
BBG000BR3KL6,NYSE:PH
BBG000BR37X2,NYSE:PGR
BBG000BR32C6,NASDAQ:RMBS
BBG000BR2TH3,NYSE:PG
BBG000BR2B91,NYSE:PFE
BBG000BR14K5,NYSE:CB
BBG000BQZMH4,NYSE:PEG
BBG000BQWPC5,NYSE:PCG
BBG000BQVTF5,NASDAQ:PCAR
BBG000BQTMJ9,NYSE:PBI
BBG000BQSQ38,NASDAQ:PAYX
BBG000BQQH30,NYSE:COP
BBG000BQQ2S6,NYSE:OXY
BBG000BQPC32,NYSE:F
BBG000BQNM78,NASDAQ:OTTR
BBG000BQLTW7,NYSE:ORCL
BBG000BQK480,NASDAQ:OPCH
BBG000BQHTV3,NYSE:OLN
BBG000BQHGR6,NYSE:OKE
BBG000BQGLS5,NYSE:OGE
BBG000BQBYR3,NYSE:NVR
BBG000BQBFQ5,NASDAQ:TIGO
BBG000BQ8KV2,NYSE:NUE
BBG000BQ87N0,NYSE:ES
BBG000BQ85G2,NASDAQ:LXRX
BBG000BQ5GY1,NASDAQ:WINA
BBG000BQ5DS5,NYSE:NSC
BBG000BQ4WF8,NASDAQ:EXEL
BBG000BQ4512,NASDAQ:RIOT
BBG000BQ2C28,NYSE:NOC
BBG000BPZBB6,NYSE:NI
BBG000BPYD87,NYSE:NFG
BBG000BPXVJ6,NYSE:RSG
BBG000BPWXK1,NYSE:NEM
BBG000BPT0C6,NASDAQ:NBL
BBG000BPS2V2,NYSE:NAV
BBG000BPRN29,NYSE:ONTO
BBG000BPQD31,NASDAQ:MYL
BBG000BPQ0F6,NYSE:MYE
BBG000BPNP00,NASDAQ:MXIM
BBG000BPH459,NASDAQ:MSFT
BBG000BPGQ60,NASDAQ:MSEX
BBG000BPDDB6,NASDAQ:SLGN
BBG000BPD168,NYSE:MRK
BBG000BP9WJ1,NYSE:ADT
BBG000BP8Z50,NYSE:MSI
BBG000BP6LJ8,NYSE:MO
BBG000BP52R2,NYSE:MMM
BBG000BP4MH0,NYSE:MMC
BBG000BP2RV5,NASDAQ:MBWM
BBG000BP1Q11,NYSE:SPGI
BBG000BP1152,NYSE:CIEN
BBG000BP0KQ8,NASDAQ:EA
BBG000BP0HX7,NASDAQ:SUPN
BBG000BP0929,NYSE:FHI
BBG000BNXS80,NYSE:SRT
BBG000BNX3R4,NYSE:MDU
BBG000BNWG87,NYSE:MDT
BBG000BNSZP1,NYSE:MCD
BBG000BNS256,NASDAQ:PPBI
BBG000BNPSQ9,NASDAQ:INCY
BBG000BNPS52,NASDAQ:TRMB
BBG000BNNYW1,NASDAQ:MAT
BBG000BNNKG9,NYSE:MAS
BBG000BNMMJ3,NASDAQ:HSIC
BBG000BNMHS4,NYSE:MAN
BBG000BNLPJ7,NYSE:MGA
BBG000BNJRZ8,NASDAQ:BLDP
BBG000BNJHS8,NYSE:LUV
BBG000BNHSP9,NYSE:JEF
BBG000BNGTQ7,NYSE:LB
BBG000BNFLM9,NASDAQ:LRCX
BBG000BNF508,NYSE:LPX
BBG000BNDN65,NYSE:LOW
BBG000BND699,NASDAQ:NXPI
BBG000BNBPQ0,NYSE:LM
BBG000BNBDC2,NYSE:LLY
BBG000BN8ZK8,NYSE:DAR
BBG000BN84F3,NYSE:DGX
BBG000BN7277,NYSE:EGO
BBG000BN5HF7,NYSE:LEN
BBG000BN2DC2,NYSE:CRM
BBG000BN1M88,NASDAQ:LANC
BBG000BMZ7P7,NYSE:KSU
BBG000BMY992,NYSE:KR
BBG000BMXYW2,NASDAQ:KOSS
BBG000BMX289,NYSE:KO
BBG000BMWV95,NYSE:RDN
BBG000BMWKC5,NYSE:KMT
BBG000BMW2Z0,NYSE:KMB
BBG000BMTX31,NASDAQ:KLIC
BBG000BMTFR4,NASDAQ:KLAC
BBG000BMT9T6,NYSE:TDY
BBG000BMQPL1,NYSE:KEY
BBG000BMQCP6,NYSE:KEX
BBG000BMNC97,NASDAQ:KELYA
BBG000BMNBY1,NASDAQ:EEFT
BBG000BMKDM3,NYSE:K
BBG000BMHYD1,NYSE:JNJ
BBG000BMH2Q7,NASDAQ:JKHY
BBG000BMFD58,NASDAQ:AMTD
BBG000BMDBZ1,NASDAQ:JBHT
BBG000BMBL90,NYSE:ITW
BBG000BM9RH1,NASDAQ:CPRT
BBG000BM7HL0,NASDAQ:ADSK
BBG000BM6N47,NASDAQ:HEAR
BBG000BM6788,NYSE:TT
BBG000BM5SR2,NYSE:IP
BBG000BM2SF8,NASDAQ:MGNX
BBG000BM2S95,NASDAQ:IDEX
BBG000BM0597,NASDAQ:INDB
BBG000BLZRJ2,NYSE:MS
BBG000BLY663,NASDAQ:CROX
BBG000BLXZN1,NASDAQ:TSCO
BBG000BLXT19,NASDAQ:IMMU
BBG000BLW102,NASDAQ:IIVI
BBG000BLTV73,NASDAQ:TILE
BBG000BLRT07,NASDAQ:IDXX
BBG000BLRP41,NASDAQ:OLED
BBG000BLR3Y7,NYSE:IDA
BBG000BLNNH6,NYSE:IBM
BBG000BLMZK6,NYSE:KMX
BBG000BLKK03,NYSE:HUM
BBG000BLHRS2,NYSE:HSY
BBG000BLGFJ9,NYSE:LHX
BBG000BLFSZ4,NASDAQ:OSBC
BBG000BLF8D2,NYSE:HRL
BBG000BLDXT2,NASDAQ:CEMI
BBG000BLDV98,NYSE:HRB
BBG000BLCPY4,NYSE:HP
BBG000BLBVN4,NASDAQ:BKNG
BBG000BL9JQ1,NYSE:HFC
BBG000BL5W86,NYSE:HL
BBG000BL30Y9,NYSE:MOV
BBG000BL0T06,NASDAQ:UFPI
BBG000BKZTP3,NYSE:HOG
BBG000BKZB36,NYSE:HD
BBG000BKXYX5,NYSE:DECK
BBG000BKXWV1,NASDAQ:SIGA
BBG000BKWSR6,NASDAQ:HBAN
BBG000BKWR89,NASDAQ:RDWR
BBG000BKWCS0,NYSE:HRC
BBG000BKVJK4,NASDAQ:HAS
BBG000BKTXF2,NASDAQ:BECN
BBG000BKTFN2,NYSE:HAL
BBG000BKR1D6,NYSE:GWW
BBG000BKQG80,NASDAQ:IAC
BBG000BKPL53,NYSE:ZBH
BBG000BKN0V2,NYSE:GRC
BBG000BKLH74,NYSE:GPS
BBG000BKJG33,NASDAQ:CORT
BBG000BKFZM4,NYSE:GLW
BBG000BKFBD7,NYSE:STT
BBG000BKF014,NASDAQ:LGND
BBG000BKD3K9,NYSE:BLDR
BBG000BKCFC2,NYSE:GIS
BBG000BK9YW3,NASDAQ:SAVA
BBG000BK6YX5,NASDAQ:INO
BBG000BK6MB5,NYSE:GE
BBG000BK67C7,NYSE:GD
BBG000BK2F42,NYSE:FIS
BBG000BK28N7,NYSE:EAT
BBG000BJXWX2,NYSE:FSS
BBG000BJX8C8,NYSE:NOV
BBG000BJSBJ0,NYSE:NEE
BBG000BJQWD2,NASDAQ:AKAM
BBG000BJPDZ1,NASDAQ:ISRG
BBG000BJP882,NYSE:FMC
BBG000BJNV83,NASDAQ:FMBI
BBG000BJMDS2,NASDAQ:FLIC
BBG000BJL3N0,NASDAQ:FITB
BBG000BJKPG0,NASDAQ:FISV
BBG000BJF1Z8,NYSE:FDX
BBG000BJDB15,NYSE:FCX
BBG000BJD7C2,NASDAQ:FARO
BBG000BJBZ23,NASDAQ:MKTX
BBG000BJ8YN7,NASDAQ:FAST
BBG000BJ81C1,NYSE:TRV
BBG000BJ5GK2,NASDAQ:EXPD
BBG000BJ49H3,NYSE:BWA
BBG000BJ3PD2,NYSE:ETN
BBG000BJ26K7,NYSE:ALB
BBG000BHZ5J9,NYSE:EQT
BBG000BHX9P6,NYSE:BYD
BBG000BHX7N2,NYSE:EMR
BBG000BHWFN5,NASDAQ:FBMS
BBG000BHR1R8,NASDAQ:LKFN
BBG000BHPL78,NYSE:EFX
BBG000BHLYS1,NYSE:ED
BBG000BHLYP4,NASDAQ:CME
BBG000BHKYH4,NYSE:ECL
BBG000BHK836,NASDAQ:FLIR
BBG000BHJWG1,NASDAQ:AXON
BBG000BHJSC4,NASDAQ:BBSI
BBG000BHGDH5,NYSE:DUK
BBG000BHCP19,NASDAQ:MCHP
BBG000BHBTX7,NASDAQ:SANM
BBG000BHB3M6,NYSE:DOV
BBG000BH92D1,NYSE:MTOR
BBG000BH5LT6,NYSE:RIG
BBG000BH5DV1,NASDAQ:INTU
BBG000BH4R78,NYSE:DIS
BBG000BH3JF8,NYSE:DHR
BBG000BH3GZ2,NYSE:YUM
BBG000BH3F20,NASDAQ:CG
BBG000BH2JM1,NASDAQ:NLOK
BBG000BH2CW5,NYSE:GIL
BBG000BH1NH9,NYSE:DE
BBG000BH0FR6,NASDAQ:SGEN
BBG000BH0106,NYSE:BX
BBG000BGZT72,NYSE:AYX
BBG000BGYWY6,NASDAQ:ORLY
BBG000BGYMH7,NYSE:MLM
BBG000BGYDX9,NYSE:DBD
BBG000BGXZB5,NYSE:AEO
BBG000BGVW60,NYSE:D
BBG000BGRY34,NYSE:CVS
BBG000BGPTV6,NYSE:CMI
BBG000BGM5P8,NYSE:LAC
BBG000BGLRN3,NYSE:LUMN
BBG000BGKTF9,NYSE:COF
BBG000BGKHZ3,NASDAQ:VRSN
BBG000BGJRC8,NASDAQ:CSX
BBG000BGGXH3,NASDAQ:VTNR
BBG000BG8NP5,NASDAQ:NWBI
BBG000BG5BL8,NYSE:CRL
BBG000BG4202,NYSE:CPB
BBG000BG3445,NYSE:COO
BBG000BG22J4,NASDAQ:NMFC
BBG000BG1J71,NASDAQ:CDXC
BBG000BG1DH3,NASDAQ:COHR
BBG000BG14P4,NYSE:WOLF
BBG000BFYGX4,NASDAQ:BRKL
BBG000BFXHL6,NYSE:MOS
BBG000BFVZ83,NYSE:RNR
BBG000BFVXX0,NYSE:CMS
BBG000BFT2L4,NASDAQ:CMCSA
BBG000BFS7D3,NYSE:CLX
BBG000BFRRX8,NYSE:CLH
BBG000BFRF55,NYSE:CLF
BBG000BFQYY3,NYSE:CL
BBG000BFPK65,NASDAQ:CINF
BBG000BFL116,NASDAQ:FSLR
BBG000BFJT36,NYSE:CHD
BBG000BFGNJ5,NASDAQ:ALNY
BBG000BFGMQ9,NASDAQ:QUIK
BBG000BFDLV8,NASDAQ:CERN
BBG000BFC848,NYSE:KNX
BBG000BF7BV7,NASDAQ:OSTK
BBG000BF6RQ9,NYSE:SAVE
BBG000BF6LY3,NYSE:CCL
BBG000BF6756,NYSE:CCK
BBG000BF20N5,NASDAQ:RCKY
BBG000BF0K17,NYSE:CAT
BBG000BDYB06,NASDAQ:CAMP
BBG000BDXGP9,NYSE:CAG
BBG000BDXCJ5,NYSE:CNC
BBG000BDTT76,NYSE:MTRN
BBG000BDPB15,NASDAQ:WKHS
BBG000BDLWR5,NASDAQ:SRNE
BBG000BDJL83,NYSE:FDS
BBG000BDDNH5,NYSE:BLL
BBG000BDDN94,NYSE:OIS
BBG000BDD940,NYSE:WAB
BBG000BDCQ25,NASDAQ:PRDO
BBG000BDCB28,NASDAQ:VECO
BBG000BD8PN9,NYSE:BK
BBG000BD3LM4,NASDAQ:NUAN
BBG000BD2D25,NASDAQ:CNOB
BBG000BD2167,NASDAQ:ITRI
BBG000BD0TF8,NYSE:BEN
BBG000BCZYD3,NYSE:BDX
BBG000BCZL41,NASDAQ:VRSK
BBG000BCZBF1,NYSE:SAM
BBG000BCWKD6,NYSE:VOYA
BBG000BCWCG1,NYSE:BBY
BBG000BCVMH9,NYSE:CP
BBG000BCVJ77,NYSE:BAX
BBG000BCVG28,NASDAQ:POOL
BBG000BCTQ65,NASDAQ:XEL
BBG000BCTLF6,NYSE:BAC
BBG000BCSST7,NYSE:BA
BBG000BCQZS4,NYSE:AXP
BBG000BCQ6J8,NYSE:KKR
BBG000BCQ4P6,NYSE:AVY
BBG000BCMWM1,NYSE:MTN
BBG000BCMBG4,NASDAQ:FTNT
BBG000BCJ161,NASDAQ:SRPT
BBG000BCG930,NYSE:ANTM
BBG000BCD3D5,NYSE:ARW
BBG000BCBYT2,NASDAQ:VRNT
BBG000BC9938,NYSE:VMW
BBG000BC4JJ4,NYSE:APD
BBG000BC35R6,NASDAQ:CLFD
BBG000BC2R71,NYSE:ALLY
BBG000BC2C10,NASDAQ:APA
BBG000BC15S7,NYSE:AON~1
BBG000BBXLW4,NYSE:AN
BBG000BBVJZ8,NYSE:DVN
BBG000BBS9F6,NYSE:TRI
BBG000BBS2Y0,NASDAQ:AMGN
BBG000BBQCY0,NASDAQ:AMD
BBG000BBPFB9,NASDAQ:AMAT
BBG000BBP6J1,NYSE:SJR
BBG000BBNYF6,NYSE:DRI
BBG000BBL8V7,NYSE:PWR
BBG000BBL0Y1,NYSE:ALK
BBG000BBJQV0,NASDAQ:NVDA
BBG000BBHXQ3,NYSE:AJG
BBG000BBGGQ1,NYSE:VLO
BBG000BBDZG3,NYSE:AIG
BBG000BBDV81,NASDAQ:CTSH
BBG000BBD070,NYSE:HES
BBG000BBCQD7,NASDAQ:SLM
BBG000BBCDZ2,NYSE:ROK
BBG000BBBNC6,NYSE:AFL
BBG000BB9KF2,NASDAQ:AEP
BBG000BB8SW7,NYSE:PKG
BBG000BB8PG1,NYSE:GRA
BBG000BB88M2,NASDAQ:NURO
BBG000BB6WG8,NYSE:ADM
BBG000BB6R33,NYSE:MXL
BBG000BB6MM3,NYSE:WBC
BBG000BB6M98,NYSE:FE
BBG000BB6KF5,NYSE:MET
BBG000BB6G37,NASDAQ:ADI
BBG000BB65D0,NYSE:IT
BBG000BB5BF6,NYSE:GME
BBG000BB5B84,NYSE:LII
BBG000BB5792,NYSE:RCL
BBG000BB5373,NYSE:WU
BBG000BB5006,NASDAQ:ADBE
BBG000BB34J0,NASDAQ:MMYT
BBG000BB2KN0,NASDAQ:LSTR
BBG000BB2DM7,NYSE:KGC
BBG000BB29X4,NYSE:DTE
BBG000BB0WG4,NYSE:CNS
BBG000BB00D7,NYSE:BHLB
BBG000B9ZXB4,NYSE:ABT
BBG000B9YJ35,NYSE:APH
BBG000B9XRY4,NASDAQ:AAPL
BBG000B9XG87,NYSE:AME
BBG000B9X8C0,NYSE:AEE
